39,Praesent blandit. Nam nulla.,Chamorro,6,Green,Evelyn,Indigo,7'3,Little,Nepali,90291,Female,54,elittle0@themeforest.net
40,Suspendisse potenti. Nullam porttitor lacus at turpis. Donec posuere metus vitae ipsum.,Argentinian,9,Blue,Janice,Turquoise,7'0,Webb,Chinese,27068,Female,79,jwebb1@angelfire.com
23,"Vestibulum ante ipsum primis in faucibus orci luctus et ultrices posuere cubilia Curae; Donec pharetra, magna vestibulum aliquet ultrices, erat tortor sollicitudin mi, sit amet lobortis sapien sapien non mi. Integer ac neque.",Menominee,3,Khaki,Kelly,Red,3'3,Gomez,Croatian,73771,Female,95,kgomez2@amazon.co.jp
22,"Proin risus. Praesent lectus. Vestibulum quam sapien, varius ut, blandit non, interdum in, ante. Vestibulum ante ipsum primis in faucibus orci luctus et ultrices posuere cubilia Curae; Duis faucibus accumsan odio. Curabitur convallis.",Dominican (Dominican Republic),4,Yellow,Stephen,Puce,8'7,Rogers,Irish Gaelic,40948,Male,74,srogers3@123-reg.co.uk
37,Etiam justo. Etiam pretium iaculis justo. In hac habitasse platea dictumst. Etiam faucibus cursus urna. Ut tellus.,Dominican (Dominican Republic),3,Crimson,Tina,Aquamarine,0'0,Payne,Tsonga,12833,Female,52,tpayne4@cocolog-nifty.com
26,"Praesent id massa id nisl venenatis lacinia. Aenean sit amet justo. Morbi ut odio. Cras mi pede, malesuada in, imperdiet et, commodo vulputate, justo.",Pakistani,1,Crimson,Carl,Blue,9'3,Welch,Irish Gaelic,22653,Male,100,cwelch5@biglobe.ne.jp
24,Maecenas pulvinar lobortis est. Phasellus sit amet erat.,Micronesian,3,Green,Karen,Red,3'0,Tucker,Kazakh,86829,Female,57,ktucker6@epa.gov
20,Nullam molestie nibh in lectus. Pellentesque at nulla. Suspendisse potenti. Cras in purus eu magna vulputate luctus.,Polynesian,9,Indigo,Albert,Red,0'8,Hawkins,Tswana,74769,Male,61,ahawkins7@yahoo.co.jp
28,Cras pellentesque volutpat dui.,Taiwanese,2,Teal,Heather,Orange,7'5,Webb,Kyrgyz,60513,Female,75,hwebb8@time.com
36,"Fusce lacus purus, aliquet at, feugiat non, pretium quis, lectus.",Potawatomi,5,Puce,Joshua,Khaki,7'6,Mcdonald,Dari,61970,Male,83,jmcdonald9@cbslocal.com
37,"Morbi vestibulum, velit id pretium iaculis, diam erat fermentum justo, nec condimentum neque sapien placerat ante. Nulla justo. Aliquam quis turpis eget elit sodales scelerisque. Mauris sit amet eros.",Taiwanese,2,Pink,Matthew,Turquoise,0'9,Hall,Ndebele,73258,Male,63,mhalla@stumbleupon.com
28,"Nulla neque libero, convallis eget, eleifend luctus, ultricies eu, nibh. Quisque id justo sit amet sapien dignissim vestibulum. Vestibulum ante ipsum primis in faucibus orci luctus et ultrices posuere cubilia Curae; Nulla dapibus dolor vel est. Donec odio justo, sollicitudin ut, suscipit a, feugiat et, eros. Vestibulum ac est lacinia nisi venenatis tristique.",Apache,9,Indigo,Dorothy,Purple,5'5,Price,Armenian,99387,Female,73,dpriceb@ask.com
40,"Donec odio justo, sollicitudin ut, suscipit a, feugiat et, eros. Vestibulum ac est lacinia nisi venenatis tristique. Fusce congue, diam id ornare imperdiet, sapien urna pretium nisl, ut volutpat sapien arcu sed augue.",Shoshone,7,Turquoise,Joshua,Green,2'7,Hughes,Sotho,76605,Male,91,jhughesc@cpanel.net
20,"Morbi odio odio, elementum eu, interdum eu, tincidunt in, leo. Maecenas pulvinar lobortis est. Phasellus sit amet erat.",Cree,10,Aquamarine,Eric,Maroon,8'6,Little,Sotho,43084,Male,87,elittled@wix.com
25,"Integer non velit. Donec diam neque, vestibulum eget, vulputate ut, ultrices vel, augue. Vestibulum ante ipsum primis in faucibus orci luctus et ultrices posuere cubilia Curae; Donec pharetra, magna vestibulum aliquet ultrices, erat tortor sollicitudin mi, sit amet lobortis sapien sapien non mi. Integer ac neque.",Melanesian,3,Crimson,Ashley,Khaki,8'8,Allen,Gujarati,58425,Female,84,aallene@gmpg.org
38,"Curabitur in libero ut massa volutpat convallis. Morbi odio odio, elementum eu, interdum eu, tincidunt in, leo. Maecenas pulvinar lobortis est.",Hmong,4,Yellow,Doris,Blue,7'4,Palmer,Khmer,13544,Female,99,dpalmerf@yahoo.com
23,Vivamus in felis eu sapien cursus vestibulum. Proin eu mi. Nulla ac enim.,Ecuadorian,4,Red,Kelly,Purple,5'2,Dunn,Georgian,57749,Female,100,kdunng@dagondesign.com
22,"Integer pede justo, lacinia eget, tincidunt eget, tempus vel, pede.",Cuban,3,Mauv,Jesse,Goldenrod,3'8,Grant,Croatian,54452,Male,85,jgranth@google.ru
34,"Fusce congue, diam id ornare imperdiet, sapien urna pretium nisl, ut volutpat sapien arcu sed augue. Aliquam erat volutpat. In congue. Etiam justo.",Kiowa,6,Orange,Todd,Red,7'1,Garrett,Portuguese,37627,Male,74,tgarretti@posterous.com
29,"Pellentesque ultrices mattis odio. Donec vitae nisi. Nam ultrices, libero non mattis pulvinar, nulla pede ullamcorper augue, a suscipit nulla elit ac nulla. Sed vel enim sit amet nunc viverra dapibus. Nulla suscipit ligula in lacus.",Costa Rican,5,Orange,Carlos,Teal,7'6,Parker,Moldovan,55757,Male,68,cparkerj@merriam-webster.com
31,"Integer aliquet, massa id lobortis convallis, tortor risus dapibus augue, vel accumsan tellus nisi eu orci. Mauris lacinia sapien quis libero. Nullam sit amet turpis elementum ligula vehicula consequat.",Delaware,8,Blue,Mildred,Fuscia,2'0,Turner,Bulgarian,92416,Female,65,mturnerk@usatoday.com
37,Aliquam erat volutpat.,Cherokee,7,Fuscia,Eugene,Maroon,1'7,Austin,Marathi,12211,Male,75,eaustinl@independent.co.uk
21,Vestibulum ante ipsum primis in faucibus orci luctus et ultrices posuere cubilia Curae; Mauris viverra diam vitae quam. Suspendisse potenti. Nullam porttitor lacus at turpis. Donec posuere metus vitae ipsum.,Kiowa,10,Goldenrod,Clarence,Khaki,8'1,Tucker,Chinese,66652,Male,100,ctuckerm@npr.org
18,Etiam pretium iaculis justo. In hac habitasse platea dictumst. Etiam faucibus cursus urna. Ut tellus. Nulla ut erat id mauris vulputate elementum.,Thai,6,Orange,Aaron,Pink,0'9,Torres,Marathi,72392,Male,62,atorresn@de.vu
27,Etiam justo. Etiam pretium iaculis justo. In hac habitasse platea dictumst.,Central American,4,Red,Sharon,Violet,8'7,Olson,Gujarati,90697,Female,94,solsono@weebly.com
28,Etiam faucibus cursus urna. Ut tellus. Nulla ut erat id mauris vulputate elementum. Nullam varius. Nulla facilisi.,Latin American Indian,9,Yellow,Marilyn,Indigo,3'3,Lane,English,41041,Female,66,mlanep@printfriendly.com
23,Quisque ut erat. Curabitur gravida nisi at nibh.,Uruguayan,5,Goldenrod,Russell,Red,7'1,Mccoy,Haitian Creole,65189,Male,58,rmccoyq@paypal.com
20,Pellentesque eget nunc. Donec quis orci eget orci vehicula condimentum.,Shoshone,4,Orange,Jonathan,Aquamarine,6'8,Dunn,Pashto,47419,Male,98,jdunnr@xing.com
38,Pellentesque viverra pede ac diam.,Asian,8,Violet,Joe,Red,9'8,Williamson,Tswana,86878,Male,55,jwilliamsons@paypal.com
33,Nulla justo.,Dominican (Dominican Republic),1,Fuscia,Matthew,Mauv,4'9,Pierce,Irish Gaelic,81213,Male,62,mpiercet@state.tx.us
26,Etiam faucibus cursus urna. Ut tellus. Nulla ut erat id mauris vulputate elementum.,Ute,8,Yellow,Louis,Green,1'1,Russell,Icelandic,37330,Male,99,lrussellu@moonfruit.com
34,"Quisque erat eros, viverra eget, congue eget, semper rutrum, nulla. Nunc purus. Phasellus in felis. Donec semper sapien a libero. Nam dui.",Colville,6,Fuscia,Brenda,Indigo,1'3,Foster,Tsonga,23511,Female,79,bfosterv@google.co.jp
26,Nullam varius. Nulla facilisi. Cras non velit nec nisi vulputate nonummy. Maecenas tincidunt lacus at velit. Vivamus vel nulla eget eros elementum pellentesque.,Micronesian,1,Yellow,Sandra,Green,1'6,Evans,Burmese,89217,Female,70,sevansw@is.gd
31,"Vestibulum ante ipsum primis in faucibus orci luctus et ultrices posuere cubilia Curae; Donec pharetra, magna vestibulum aliquet ultrices, erat tortor sollicitudin mi, sit amet lobortis sapien sapien non mi.",American Indian and Alaska Native (AIAN),5,Maroon,Juan,Blue,9'5,Hicks,Italian,72470,Male,80,jhicksx@ebay.co.uk
26,"Ut at dolor quis odio consequat varius. Integer ac leo. Pellentesque ultrices mattis odio. Donec vitae nisi. Nam ultrices, libero non mattis pulvinar, nulla pede ullamcorper augue, a suscipit nulla elit ac nulla.",Honduran,7,Violet,Carl,Goldenrod,7'5,Rose,Kannada,62668,Male,63,crosey@bravesites.com
26,"Nam congue, risus semper porta volutpat, quam pede lobortis ligula, sit amet eleifend pede libero quis orci.",Puerto Rican,1,Maroon,Thomas,Maroon,4'0,Sullivan,Swedish,19992,Male,90,tsullivanz@netscape.com
38,Vivamus in felis eu sapien cursus vestibulum.,Taiwanese,7,Goldenrod,Joan,Turquoise,8'1,White,Norwegian,31987,Female,97,jwhite10@reuters.com
26,"Fusce posuere felis sed lacus. Morbi sem mauris, laoreet ut, rhoncus aliquet, pulvinar sed, nisl. Nunc rhoncus dui vel sem. Sed sagittis.",Osage,6,Violet,Patrick,Khaki,5'5,Mendoza,Norwegian,05978,Male,72,pmendoza11@home.pl
21,In hac habitasse platea dictumst. Etiam faucibus cursus urna. Ut tellus. Nulla ut erat id mauris vulputate elementum. Nullam varius.,Malaysian,9,Teal,Ruby,Purple,5'2,Watkins,Northern Sotho,62247,Female,97,rwatkins12@ycombinator.com
24,"Pellentesque viverra pede ac diam. Cras pellentesque volutpat dui. Maecenas tristique, est et tempus semper, est quam pharetra magna, ac consequat metus sapien ut nunc. Vestibulum ante ipsum primis in faucibus orci luctus et ultrices posuere cubilia Curae; Mauris viverra diam vitae quam.",Guatemalan,6,Aquamarine,Tammy,Purple,6'0,Carr,Zulu,70435,Female,65,tcarr13@sciencedirect.com
31,Duis mattis egestas metus. Aenean fermentum. Donec ut mauris eget massa tempor convallis.,Asian Indian,8,Red,Debra,Maroon,8'7,Allen,Malagasy,29586,Female,90,dallen14@mapy.cz
40,Vestibulum ante ipsum primis in faucibus orci luctus et ultrices posuere cubilia Curae; Mauris viverra diam vitae quam. Suspendisse potenti. Nullam porttitor lacus at turpis. Donec posuere metus vitae ipsum. Aliquam non mauris.,Menominee,7,Yellow,Thomas,Yellow,3'0,Porter,Malagasy,78571,Male,53,tporter15@geocities.com
22,"In hac habitasse platea dictumst. Aliquam augue quam, sollicitudin vitae, consectetuer eget, rutrum at, lorem. Integer tincidunt ante vel ipsum.",Peruvian,5,Indigo,David,Indigo,0'3,Romero,Papiamento,87080,Male,65,dromero16@dmoz.org
38,"Cras in purus eu magna vulputate luctus. Cum sociis natoque penatibus et magnis dis parturient montes, nascetur ridiculus mus. Vivamus vestibulum sagittis sapien. Cum sociis natoque penatibus et magnis dis parturient montes, nascetur ridiculus mus. Etiam vel augue.",Guamanian,8,Green,Mark,Teal,1'2,Smith,Tok Pisin,53011,Male,74,msmith17@pbs.org
21,"Proin leo odio, porttitor id, consequat in, consequat ut, nulla.",Micronesian,2,Khaki,Kimberly,Maroon,3'3,Spencer,Mongolian,30311,Female,88,kspencer18@google.de
36,Nullam molestie nibh in lectus. Pellentesque at nulla.,Asian,1,Green,Amanda,Fuscia,7'7,King,Montenegrin,15723,Female,51,aking19@51.la
40,"Morbi quis tortor id nulla ultrices aliquet. Maecenas leo odio, condimentum id, luctus nec, molestie sed, justo.",Indonesian,7,Purple,Kenneth,Pink,9'7,Garrett,Northern Sotho,29921,Male,51,kgarrett1a@flickr.com
20,"Praesent lectus. Vestibulum quam sapien, varius ut, blandit non, interdum in, ante. Vestibulum ante ipsum primis in faucibus orci luctus et ultrices posuere cubilia Curae; Duis faucibus accumsan odio. Curabitur convallis. Duis consequat dui nec nisi volutpat eleifend.",Cambodian,9,Teal,Lisa,Red,3'2,Mason,Hiri Motu,44289,Female,82,lmason1b@geocities.com
21,Aenean fermentum. Donec ut mauris eget massa tempor convallis.,Sri Lankan,10,Fuscia,Victor,Blue,1'6,Spencer,Azeri,21108,Male,82,vspencer1c@illinois.edu
24,"Donec diam neque, vestibulum eget, vulputate ut, ultrices vel, augue. Vestibulum ante ipsum primis in faucibus orci luctus et ultrices posuere cubilia Curae; Donec pharetra, magna vestibulum aliquet ultrices, erat tortor sollicitudin mi, sit amet lobortis sapien sapien non mi. Integer ac neque. Duis bibendum. Morbi non quam nec dui luctus rutrum.",Korean,4,Indigo,Randy,Goldenrod,9'5,Hicks,Filipino,18111,Male,53,rhicks1d@bbb.org
31,In eleifend quam a odio. In hac habitasse platea dictumst.,Paiute,10,Teal,Roy,Maroon,9'5,Hall,New Zealand Sign Language,23816,Male,79,rhall1e@spiegel.de
39,Phasellus in felis. Donec semper sapien a libero. Nam dui.,Lumbee,8,Blue,Barbara,Goldenrod,4'4,Russell,Hindi,34135,Female,64,brussell1f@un.org
30,"Morbi vel lectus in quam fringilla rhoncus. Mauris enim leo, rhoncus sed, vestibulum sit amet, cursus id, turpis. Integer aliquet, massa id lobortis convallis, tortor risus dapibus augue, vel accumsan tellus nisi eu orci. Mauris lacinia sapien quis libero.",Chippewa,0,Goldenrod,Mildred,Crimson,3'6,Montgomery,Quechua,59974,Female,87,mmontgomery1g@bluehost.com
29,"Praesent blandit. Nam nulla. Integer pede justo, lacinia eget, tincidunt eget, tempus vel, pede. Morbi porttitor lorem id ligula.",Spaniard,0,Indigo,Kimberly,Pink,5'1,Hughes,Afrikaans,52956,Female,75,khughes1h@fda.gov
24,Aenean auctor gravida sem. Praesent id massa id nisl venenatis lacinia. Aenean sit amet justo.,Pima,9,Khaki,Jean,Aquamarine,9'6,Ross,Czech,83747,Female,94,jross1i@imdb.com
28,"Nam nulla. Integer pede justo, lacinia eget, tincidunt eget, tempus vel, pede. Morbi porttitor lorem id ligula. Suspendisse ornare consequat lectus.",Cambodian,3,Crimson,Eugene,Crimson,4'4,Gilbert,Norwegian,48533,Male,82,egilbert1j@japanpost.jp
18,"Phasellus in felis. Donec semper sapien a libero. Nam dui. Proin leo odio, porttitor id, consequat in, consequat ut, nulla.",Puerto Rican,2,Purple,Julie,Blue,9'2,Gibson,Croatian,15598,Female,94,jgibson1k@google.ru
38,Phasellus in felis. Donec semper sapien a libero. Nam dui.,Menominee,0,Khaki,Julia,Mauv,8'0,Fuller,Croatian,17296,Female,77,jfuller1l@unesco.org
37,"Aliquam augue quam, sollicitudin vitae, consectetuer eget, rutrum at, lorem. Integer tincidunt ante vel ipsum.",Cuban,8,Aquamarine,Phillip,Teal,1'9,Mccoy,Aymara,96240,Male,55,pmccoy1m@sogou.com
26,Donec ut dolor.,Malaysian,7,Puce,Richard,Fuscia,1'9,Taylor,Dhivehi,95775,Male,57,rtaylor1n@loc.gov
25,Morbi quis tortor id nulla ultrices aliquet.,Apache,5,Orange,Jessica,Blue,3'4,Jones,Marathi,09805,Female,92,jjones1o@usnews.com
32,"Donec ut dolor. Morbi vel lectus in quam fringilla rhoncus. Mauris enim leo, rhoncus sed, vestibulum sit amet, cursus id, turpis. Integer aliquet, massa id lobortis convallis, tortor risus dapibus augue, vel accumsan tellus nisi eu orci.",Sri Lankan,2,Purple,Wayne,Crimson,6'9,Fields,Somali,23119,Male,91,wfields1p@nydailynews.com
20,"Integer non velit. Donec diam neque, vestibulum eget, vulputate ut, ultrices vel, augue. Vestibulum ante ipsum primis in faucibus orci luctus et ultrices posuere cubilia Curae; Donec pharetra, magna vestibulum aliquet ultrices, erat tortor sollicitudin mi, sit amet lobortis sapien sapien non mi. Integer ac neque. Duis bibendum.",American Indian,1,Red,Wayne,Teal,2'1,Bryant,Arabic,06082,Male,69,wbryant1q@hugedomains.com
37,"Cum sociis natoque penatibus et magnis dis parturient montes, nascetur ridiculus mus. Etiam vel augue. Vestibulum rutrum rutrum neque. Aenean auctor gravida sem. Praesent id massa id nisl venenatis lacinia.",Chamorro,2,Green,Gregory,Indigo,8'8,Reyes,Kashmiri,02733,Male,97,greyes1r@goodreads.com
32,"Nam congue, risus semper porta volutpat, quam pede lobortis ligula, sit amet eleifend pede libero quis orci. Nullam molestie nibh in lectus.",Chamorro,8,Khaki,Gerald,Maroon,6'1,Ray,Hindi,50621,Male,95,gray1s@statcounter.com
25,Pellentesque at nulla. Suspendisse potenti. Cras in purus eu magna vulputate luctus.,Asian Indian,10,Maroon,Donald,Indigo,2'3,Olson,Portuguese,32571,Male,67,dolson1t@ifeng.com
30,Nulla ut erat id mauris vulputate elementum. Nullam varius. Nulla facilisi.,Costa Rican,9,Puce,Rose,Indigo,5'4,Hansen,Khmer,01804,Female,51,rhansen1u@infoseek.co.jp
30,Nulla justo. Aliquam quis turpis eget elit sodales scelerisque. Mauris sit amet eros. Suspendisse accumsan tortor quis turpis. Sed ante.,Laotian,10,Green,Jennifer,Goldenrod,2'7,Grant,Persian,71235,Female,62,jgrant1v@prweb.com
28,"Morbi non lectus. Aliquam sit amet diam in magna bibendum imperdiet. Nullam orci pede, venenatis non, sodales sed, tincidunt eu, felis. Fusce posuere felis sed lacus.",Fijian,6,Indigo,Kathy,Pink,8'2,Fields,Spanish,71896,Female,99,kfields1w@last.fm
20,Nulla justo. Aliquam quis turpis eget elit sodales scelerisque.,Potawatomi,5,Mauv,Edward,Violet,5'5,Montgomery,Ndebele,75936,Male,53,emontgomery1x@scribd.com
31,"Vestibulum ac est lacinia nisi venenatis tristique. Fusce congue, diam id ornare imperdiet, sapien urna pretium nisl, ut volutpat sapien arcu sed augue.",Delaware,1,Green,Juan,Aquamarine,5'9,Palmer,Fijian,87207,Male,60,jpalmer1y@state.gov
23,Nulla ut erat id mauris vulputate elementum. Nullam varius. Nulla facilisi.,Sioux,2,Goldenrod,Nicholas,Purple,6'7,King,Lao,19049,Male,92,nking1z@berkeley.edu
29,"Donec odio justo, sollicitudin ut, suscipit a, feugiat et, eros. Vestibulum ac est lacinia nisi venenatis tristique. Fusce congue, diam id ornare imperdiet, sapien urna pretium nisl, ut volutpat sapien arcu sed augue. Aliquam erat volutpat. In congue.",Apache,6,Aquamarine,Ryan,Orange,7'7,Wheeler,Macedonian,39415,Male,51,rwheeler20@nbcnews.com
32,"Integer pede justo, lacinia eget, tincidunt eget, tempus vel, pede. Morbi porttitor lorem id ligula. Suspendisse ornare consequat lectus.",Polynesian,6,Purple,Albert,Mauv,7'6,Evans,Malayalam,37695,Male,73,aevans21@fotki.com
28,Suspendisse potenti. Cras in purus eu magna vulputate luctus.,Uruguayan,10,Teal,Helen,Khaki,8'0,Gardner,Gagauz,79030,Female,92,hgardner22@shareasale.com
39,Integer a nibh. In quis justo. Maecenas rhoncus aliquam lacus.,Apache,2,Turquoise,Brenda,Khaki,1'1,Marshall,French,05263,Female,80,bmarshall23@newsvine.com
18,"Vivamus in felis eu sapien cursus vestibulum. Proin eu mi. Nulla ac enim. In tempor, turpis nec euismod scelerisque, quam turpis adipiscing lorem, vitae mattis nibh ligula nec sem. Duis aliquam convallis nunc.",Samoan,9,Fuscia,Susan,Blue,1'1,Walker,Afrikaans,37696,Female,100,swalker24@ucla.edu
21,Nulla mollis molestie lorem. Quisque ut erat. Curabitur gravida nisi at nibh. In hac habitasse platea dictumst.,Panamanian,3,Turquoise,Willie,Goldenrod,7'3,Stevens,Ndebele,17878,Male,67,wstevens25@netvibes.com
33,"Morbi vestibulum, velit id pretium iaculis, diam erat fermentum justo, nec condimentum neque sapien placerat ante. Nulla justo. Aliquam quis turpis eget elit sodales scelerisque. Mauris sit amet eros. Suspendisse accumsan tortor quis turpis.",Uruguayan,4,Goldenrod,Henry,Teal,4'0,Cook,Assamese,06406,Male,91,hcook26@unblog.fr
35,"Phasellus id sapien in sapien iaculis congue. Vivamus metus arcu, adipiscing molestie, hendrerit at, vulputate vitae, nisl.",Venezuelan,6,Fuscia,Norma,Crimson,4'7,Stanley,Dari,83819,Female,76,nstanley27@hibu.com
35,Aliquam erat volutpat. In congue. Etiam justo. Etiam pretium iaculis justo.,Micronesian,1,Pink,Steven,Turquoise,7'3,Bell,Assamese,48161,Male,92,sbell28@ycombinator.com
26,"Lorem ipsum dolor sit amet, consectetuer adipiscing elit. Proin interdum mauris non ligula pellentesque ultrices. Phasellus id sapien in sapien iaculis congue. Vivamus metus arcu, adipiscing molestie, hendrerit at, vulputate vitae, nisl. Aenean lectus.",Guamanian,3,Purple,Rebecca,Purple,0'8,Collins,Tetum,98280,Female,50,rcollins29@sciencedirect.com
39,Nunc purus. Phasellus in felis. Donec semper sapien a libero.,Cheyenne,8,Fuscia,Anna,Yellow,2'6,Torres,Albanian,06488,Female,91,atorres2a@tuttocitta.it
38,"In quis justo. Maecenas rhoncus aliquam lacus. Morbi quis tortor id nulla ultrices aliquet. Maecenas leo odio, condimentum id, luctus nec, molestie sed, justo. Pellentesque viverra pede ac diam.",Yaqui,8,Crimson,Janet,Purple,0'5,Rose,Bislama,15242,Female,59,jrose2b@hao123.com
25,Vestibulum ante ipsum primis in faucibus orci luctus et ultrices posuere cubilia Curae; Duis faucibus accumsan odio. Curabitur convallis.,Taiwanese,2,Khaki,Arthur,Orange,7'2,Marshall,German,84879,Male,56,amarshall2c@unesco.org
25,Nulla tempus. Vivamus in felis eu sapien cursus vestibulum. Proin eu mi.,Vietnamese,7,Puce,Martha,Khaki,1'4,Medina,Armenian,67063,Female,58,mmedina2d@posterous.com
21,"Fusce posuere felis sed lacus. Morbi sem mauris, laoreet ut, rhoncus aliquet, pulvinar sed, nisl.",Apache,4,Turquoise,Christopher,Crimson,1'2,Morris,Norwegian,03107,Male,53,cmorris2e@meetup.com
38,Maecenas pulvinar lobortis est. Phasellus sit amet erat. Nulla tempus.,Puerto Rican,10,Indigo,Phillip,Green,7'5,Warren,Kazakh,37508,Male,85,pwarren2f@sphinn.com
27,"Donec ut mauris eget massa tempor convallis. Nulla neque libero, convallis eget, eleifend luctus, ultricies eu, nibh. Quisque id justo sit amet sapien dignissim vestibulum. Vestibulum ante ipsum primis in faucibus orci luctus et ultrices posuere cubilia Curae; Nulla dapibus dolor vel est. Donec odio justo, sollicitudin ut, suscipit a, feugiat et, eros.",Blackfeet,9,Aquamarine,Melissa,Goldenrod,5'7,Burton,Hebrew,15831,Female,98,mburton2g@yelp.com
35,"Donec ut dolor. Morbi vel lectus in quam fringilla rhoncus. Mauris enim leo, rhoncus sed, vestibulum sit amet, cursus id, turpis. Integer aliquet, massa id lobortis convallis, tortor risus dapibus augue, vel accumsan tellus nisi eu orci. Mauris lacinia sapien quis libero.",Navajo,4,Blue,Willie,Turquoise,5'7,Campbell,Malagasy,92335,Male,88,wcampbell2h@vinaora.com
40,"Vivamus vestibulum sagittis sapien. Cum sociis natoque penatibus et magnis dis parturient montes, nascetur ridiculus mus.",Chippewa,9,Puce,Russell,Goldenrod,7'9,Wagner,Māori,11654,Male,94,rwagner2i@house.gov
38,"Donec odio justo, sollicitudin ut, suscipit a, feugiat et, eros. Vestibulum ac est lacinia nisi venenatis tristique. Fusce congue, diam id ornare imperdiet, sapien urna pretium nisl, ut volutpat sapien arcu sed augue. Aliquam erat volutpat. In congue.",Polynesian,1,Yellow,Todd,Red,6'4,Peters,Luxembourgish,15608,Male,50,tpeters2j@mac.com
33,Nam dui.,Choctaw,5,Maroon,Jacqueline,Violet,9'7,Matthews,Swedish,07388,Female,87,jmatthews2k@independent.co.uk
36,"Aenean auctor gravida sem. Praesent id massa id nisl venenatis lacinia. Aenean sit amet justo. Morbi ut odio. Cras mi pede, malesuada in, imperdiet et, commodo vulputate, justo.",Filipino,8,Violet,Linda,Turquoise,5'6,Kelley,Montenegrin,69209,Female,86,lkelley2l@com.com
35,"Morbi vestibulum, velit id pretium iaculis, diam erat fermentum justo, nec condimentum neque sapien placerat ante. Nulla justo. Aliquam quis turpis eget elit sodales scelerisque. Mauris sit amet eros.",Cuban,9,Crimson,William,Puce,7'5,Martinez,Tok Pisin,53133,Male,67,wmartinez2m@home.pl
34,Nulla ut erat id mauris vulputate elementum. Nullam varius. Nulla facilisi.,Menominee,1,Maroon,Chris,Green,3'9,Knight,Georgian,03368,Male,69,cknight2n@taobao.com
33,"Morbi quis tortor id nulla ultrices aliquet. Maecenas leo odio, condimentum id, luctus nec, molestie sed, justo. Pellentesque viverra pede ac diam.",Cree,0,Purple,Dorothy,Yellow,8'7,Martin,Azeri,38680,Female,66,dmartin2o@jimdo.com
26,"Vivamus vel nulla eget eros elementum pellentesque. Quisque porta volutpat erat. Quisque erat eros, viverra eget, congue eget, semper rutrum, nulla. Nunc purus. Phasellus in felis.",Filipino,9,Fuscia,Elizabeth,Indigo,9'9,Stephens,Montenegrin,64444,Female,79,estephens2p@twitter.com
23,"In sagittis dui vel nisl. Duis ac nibh. Fusce lacus purus, aliquet at, feugiat non, pretium quis, lectus. Suspendisse potenti. In eleifend quam a odio.",Chickasaw,8,Puce,Brenda,Teal,5'1,Wells,Malagasy,84620,Female,82,bwells2q@fema.gov
20,"In hac habitasse platea dictumst. Aliquam augue quam, sollicitudin vitae, consectetuer eget, rutrum at, lorem.",Filipino,1,Purple,Raymond,Crimson,8'4,Miller,Gagauz,89548,Male,87,rmiller2r@shop-pro.jp
35,"Proin at turpis a pede posuere nonummy. Integer non velit. Donec diam neque, vestibulum eget, vulputate ut, ultrices vel, augue. Vestibulum ante ipsum primis in faucibus orci luctus et ultrices posuere cubilia Curae; Donec pharetra, magna vestibulum aliquet ultrices, erat tortor sollicitudin mi, sit amet lobortis sapien sapien non mi.",Shoshone,0,Goldenrod,Patricia,Orange,9'6,Hart,Māori,01338,Female,98,phart2s@twitpic.com
22,"Curabitur at ipsum ac tellus semper interdum. Mauris ullamcorper purus sit amet nulla. Quisque arcu libero, rutrum ac, lobortis vel, dapibus at, diam. Nam tristique tortor eu pede.",Chilean,8,Goldenrod,Juan,Indigo,1'1,James,Romanian,57974,Male,50,jjames2t@fc2.com
40,"Curabitur in libero ut massa volutpat convallis. Morbi odio odio, elementum eu, interdum eu, tincidunt in, leo.",Panamanian,7,Mauv,Rachel,Fuscia,1'7,Banks,Pashto,98630,Female,85,rbanks2u@google.es
40,"Integer aliquet, massa id lobortis convallis, tortor risus dapibus augue, vel accumsan tellus nisi eu orci. Mauris lacinia sapien quis libero.",Thai,3,Fuscia,Virginia,Pink,7'2,Reyes,Burmese,74553,Female,68,vreyes2v@engadget.com
19,"In est risus, auctor sed, tristique in, tempus sit amet, sem. Fusce consequat. Nulla nisl.",Fijian,9,Blue,Gary,Red,4'0,Day,Māori,87108,Male,75,gday2w@kickstarter.com
22,Integer tincidunt ante vel ipsum.,Dominican (Dominican Republic),7,Maroon,Nicole,Indigo,5'8,Sanders,Greek,09651,Female,70,nsanders2x@php.net
24,"Cras mi pede, malesuada in, imperdiet et, commodo vulputate, justo. In blandit ultrices enim. Lorem ipsum dolor sit amet, consectetuer adipiscing elit. Proin interdum mauris non ligula pellentesque ultrices. Phasellus id sapien in sapien iaculis congue.",Yakama,2,Pink,Kathleen,Indigo,4'0,Martin,Nepali,17678,Female,60,kmartin2y@topsy.com
33,"Donec vitae nisi. Nam ultrices, libero non mattis pulvinar, nulla pede ullamcorper augue, a suscipit nulla elit ac nulla. Sed vel enim sit amet nunc viverra dapibus. Nulla suscipit ligula in lacus.",Colombian,6,Mauv,Rebecca,Maroon,8'8,Knight,Korean,67214,Female,89,rknight2z@redcross.org
27,Nulla tempus. Vivamus in felis eu sapien cursus vestibulum. Proin eu mi. Nulla ac enim.,Thai,1,Khaki,Robin,Aquamarine,5'9,Lane,Indonesian,35937,Female,85,rlane30@facebook.com
24,Nulla justo. Aliquam quis turpis eget elit sodales scelerisque. Mauris sit amet eros. Suspendisse accumsan tortor quis turpis. Sed ante.,Honduran,7,Crimson,Ruth,Violet,9'0,Oliver,Luxembourgish,04630,Female,87,roliver31@cargocollective.com
19,"Curabitur in libero ut massa volutpat convallis. Morbi odio odio, elementum eu, interdum eu, tincidunt in, leo. Maecenas pulvinar lobortis est. Phasellus sit amet erat.",Iroquois,6,Crimson,Albert,Violet,4'4,Stephens,New Zealand Sign Language,55679,Male,77,astephens32@dedecms.com
35,In congue. Etiam justo. Etiam pretium iaculis justo. In hac habitasse platea dictumst. Etiam faucibus cursus urna.,Ottawa,6,Green,Marilyn,Puce,1'3,Reed,Swedish,14504,Female,51,mreed33@bloglovin.com
40,"Mauris enim leo, rhoncus sed, vestibulum sit amet, cursus id, turpis. Integer aliquet, massa id lobortis convallis, tortor risus dapibus augue, vel accumsan tellus nisi eu orci. Mauris lacinia sapien quis libero. Nullam sit amet turpis elementum ligula vehicula consequat. Morbi a ipsum.",Eskimo,8,Indigo,Barbara,Fuscia,6'7,Gordon,Greek,69380,Female,71,bgordon34@bandcamp.com
37,In hac habitasse platea dictumst. Etiam faucibus cursus urna. Ut tellus.,Seminole,0,Goldenrod,Paula,Green,7'4,Austin,Tetum,84553,Female,50,paustin35@indiegogo.com
22,Integer ac leo. Pellentesque ultrices mattis odio.,Guatemalan,0,Teal,Joshua,Purple,0'3,Davis,Korean,70488,Male,79,jdavis36@live.com
32,"Donec odio justo, sollicitudin ut, suscipit a, feugiat et, eros. Vestibulum ac est lacinia nisi venenatis tristique. Fusce congue, diam id ornare imperdiet, sapien urna pretium nisl, ut volutpat sapien arcu sed augue.",Latin American Indian,0,Aquamarine,Donald,Red,0'0,Scott,Belarusian,71013,Male,78,dscott37@instagram.com
36,"Curabitur at ipsum ac tellus semper interdum. Mauris ullamcorper purus sit amet nulla. Quisque arcu libero, rutrum ac, lobortis vel, dapibus at, diam. Nam tristique tortor eu pede.",Japanese,0,Green,Kathleen,Maroon,0'1,Garcia,Catalan,24562,Female,98,kgarcia38@ft.com
35,"Duis bibendum, felis sed interdum venenatis, turpis enim blandit mi, in porttitor pede justo eu massa. Donec dapibus. Duis at velit eu est congue elementum.",Latin American Indian,8,Violet,Elizabeth,Turquoise,2'7,Roberts,Northern Sotho,98330,Female,80,eroberts39@yahoo.co.jp
23,Nulla mollis molestie lorem. Quisque ut erat. Curabitur gravida nisi at nibh.,Thai,5,Green,Robert,Teal,5'5,Murray,Estonian,71618,Male,84,rmurray3a@elpais.com
30,"Praesent id massa id nisl venenatis lacinia. Aenean sit amet justo. Morbi ut odio. Cras mi pede, malesuada in, imperdiet et, commodo vulputate, justo. In blandit ultrices enim.",Asian Indian,6,Goldenrod,Adam,Teal,2'1,Smith,Fijian,77047,Male,96,asmith3b@jigsy.com
25,Nullam molestie nibh in lectus. Pellentesque at nulla. Suspendisse potenti.,Osage,0,Puce,Donna,Khaki,5'7,Anderson,Aymara,82048,Female,93,danderson3c@flavors.me
37,"Proin interdum mauris non ligula pellentesque ultrices. Phasellus id sapien in sapien iaculis congue. Vivamus metus arcu, adipiscing molestie, hendrerit at, vulputate vitae, nisl.",Choctaw,5,Green,Adam,Blue,3'0,Wheeler,Somali,59148,Male,87,awheeler3d@simplemachines.org
30,"In est risus, auctor sed, tristique in, tempus sit amet, sem. Fusce consequat. Nulla nisl. Nunc nisl. Duis bibendum, felis sed interdum venenatis, turpis enim blandit mi, in porttitor pede justo eu massa.",Creek,5,Yellow,Justin,Aquamarine,0'3,Sanchez,Latvian,70735,Male,79,jsanchez3e@hexun.com
30,Aenean lectus. Pellentesque eget nunc. Donec quis orci eget orci vehicula condimentum.,Vietnamese,9,Maroon,Arthur,Indigo,8'9,Griffin,Sotho,56090,Male,92,agriffin3f@shop-pro.jp
27,Donec quis orci eget orci vehicula condimentum.,Delaware,10,Puce,Louise,Violet,3'8,Perry,Assamese,39196,Female,96,lperry3g@yellowbook.com
23,"Donec ut dolor. Morbi vel lectus in quam fringilla rhoncus. Mauris enim leo, rhoncus sed, vestibulum sit amet, cursus id, turpis. Integer aliquet, massa id lobortis convallis, tortor risus dapibus augue, vel accumsan tellus nisi eu orci.",Melanesian,1,Teal,Samuel,Mauv,4'2,Bradley,German,88367,Male,94,sbradley3h@reverbnation.com
29,Maecenas tincidunt lacus at velit. Vivamus vel nulla eget eros elementum pellentesque.,Eskimo,1,Red,Alan,Turquoise,4'8,Ferguson,Finnish,31069,Male,66,aferguson3i@hibu.com
21,Proin interdum mauris non ligula pellentesque ultrices.,Chickasaw,10,Purple,Lillian,Puce,6'2,Ramos,Catalan,87729,Female,61,lramos3j@infoseek.co.jp
23,"Nam ultrices, libero non mattis pulvinar, nulla pede ullamcorper augue, a suscipit nulla elit ac nulla. Sed vel enim sit amet nunc viverra dapibus. Nulla suscipit ligula in lacus.",Polynesian,1,Aquamarine,Kathleen,Red,0'8,Fox,Swati,52778,Female,50,kfox3k@slashdot.org
36,"Vestibulum ante ipsum primis in faucibus orci luctus et ultrices posuere cubilia Curae; Nulla dapibus dolor vel est. Donec odio justo, sollicitudin ut, suscipit a, feugiat et, eros. Vestibulum ac est lacinia nisi venenatis tristique.",Fijian,9,Red,Arthur,Blue,6'4,Franklin,Northern Sotho,95738,Male,88,afranklin3l@wunderground.com
20,Praesent lectus.,Potawatomi,7,Violet,Nicholas,Orange,5'5,Brooks,Bosnian,33976,Male,86,nbrooks3m@list-manage.com
34,"Quisque id justo sit amet sapien dignissim vestibulum. Vestibulum ante ipsum primis in faucibus orci luctus et ultrices posuere cubilia Curae; Nulla dapibus dolor vel est. Donec odio justo, sollicitudin ut, suscipit a, feugiat et, eros. Vestibulum ac est lacinia nisi venenatis tristique.",Guatemalan,0,Purple,Andrea,Green,8'3,Crawford,Moldovan,43853,Female,80,acrawford3n@lycos.com
40,"Vivamus metus arcu, adipiscing molestie, hendrerit at, vulputate vitae, nisl. Aenean lectus. Pellentesque eget nunc. Donec quis orci eget orci vehicula condimentum. Curabitur in libero ut massa volutpat convallis.",Eskimo,6,Indigo,Jessica,Purple,6'5,Cox,Belarusian,50594,Female,62,jcox3o@fema.gov
37,"Nam congue, risus semper porta volutpat, quam pede lobortis ligula, sit amet eleifend pede libero quis orci. Nullam molestie nibh in lectus. Pellentesque at nulla. Suspendisse potenti.",Honduran,5,Fuscia,Dennis,Purple,0'7,Vasquez,Hiri Motu,59071,Male,54,dvasquez3p@last.fm
26,Mauris sit amet eros. Suspendisse accumsan tortor quis turpis. Sed ante. Vivamus tortor. Duis mattis egestas metus.,Seminole,3,Turquoise,Richard,Orange,4'8,Cole,Gagauz,69783,Male,79,rcole3q@yolasite.com
24,"Mauris enim leo, rhoncus sed, vestibulum sit amet, cursus id, turpis. Integer aliquet, massa id lobortis convallis, tortor risus dapibus augue, vel accumsan tellus nisi eu orci. Mauris lacinia sapien quis libero.",Thai,5,Puce,Evelyn,Khaki,5'3,Jacobs,Pashto,06510,Female,100,ejacobs3r@usa.gov
33,"Quisque id justo sit amet sapien dignissim vestibulum. Vestibulum ante ipsum primis in faucibus orci luctus et ultrices posuere cubilia Curae; Nulla dapibus dolor vel est. Donec odio justo, sollicitudin ut, suscipit a, feugiat et, eros. Vestibulum ac est lacinia nisi venenatis tristique.",Pakistani,0,Goldenrod,Joshua,Crimson,3'1,Long,Somali,48349,Male,73,jlong3s@blinklist.com
24,Nullam varius. Nulla facilisi.,Indonesian,7,Aquamarine,Teresa,Blue,9'8,Myers,Kazakh,51586,Female,55,tmyers3t@ocn.ne.jp
20,"Phasellus id sapien in sapien iaculis congue. Vivamus metus arcu, adipiscing molestie, hendrerit at, vulputate vitae, nisl. Aenean lectus.",Tongan,10,Violet,Bonnie,Puce,3'0,Garrett,Kyrgyz,78828,Female,88,bgarrett3u@mayoclinic.com
35,Maecenas tincidunt lacus at velit. Vivamus vel nulla eget eros elementum pellentesque. Quisque porta volutpat erat.,Native Hawaiian,3,Mauv,Roger,Pink,2'6,Sanders,Macedonian,86952,Male,79,rsanders3v@goodreads.com
38,"Fusce posuere felis sed lacus. Morbi sem mauris, laoreet ut, rhoncus aliquet, pulvinar sed, nisl.",Puget Sound Salish,8,Orange,Cheryl,Pink,8'8,Hudson,Assamese,53064,Female,75,chudson3w@cnbc.com
34,"Cras pellentesque volutpat dui. Maecenas tristique, est et tempus semper, est quam pharetra magna, ac consequat metus sapien ut nunc. Vestibulum ante ipsum primis in faucibus orci luctus et ultrices posuere cubilia Curae; Mauris viverra diam vitae quam. Suspendisse potenti. Nullam porttitor lacus at turpis.",South American,4,Teal,Angela,Red,8'0,Wilson,French,47500,Female,94,awilson3x@netscape.com
21,Etiam faucibus cursus urna. Ut tellus. Nulla ut erat id mauris vulputate elementum.,Native Hawaiian and Other Pacific Islander (NHPI),5,Khaki,George,Fuscia,8'0,Jackson,Finnish,28939,Male,88,gjackson3y@xrea.com
24,"Praesent blandit. Nam nulla. Integer pede justo, lacinia eget, tincidunt eget, tempus vel, pede.",Chickasaw,0,Puce,Carlos,Teal,6'6,Russell,Spanish,83944,Male,81,crussell3z@quantcast.com
25,"Sed sagittis. Nam congue, risus semper porta volutpat, quam pede lobortis ligula, sit amet eleifend pede libero quis orci.",Chamorro,5,Khaki,Aaron,Purple,2'6,Wallace,Montenegrin,35957,Male,67,awallace40@ifeng.com
26,In hac habitasse platea dictumst. Maecenas ut massa quis augue luctus tincidunt.,Iroquois,2,Khaki,Melissa,Indigo,7'4,Mendoza,Kannada,16522,Female,82,mmendoza41@bigcartel.com
20,Morbi a ipsum.,Iroquois,3,Indigo,Roy,Green,9'2,Henderson,Dhivehi,06670,Male,61,rhenderson42@reddit.com
24,"Vestibulum ante ipsum primis in faucibus orci luctus et ultrices posuere cubilia Curae; Nulla dapibus dolor vel est. Donec odio justo, sollicitudin ut, suscipit a, feugiat et, eros. Vestibulum ac est lacinia nisi venenatis tristique. Fusce congue, diam id ornare imperdiet, sapien urna pretium nisl, ut volutpat sapien arcu sed augue. Aliquam erat volutpat.",Nicaraguan,0,Fuscia,Aaron,Yellow,4'3,Kennedy,Malagasy,79312,Male,100,akennedy43@qq.com
28,"Duis aliquam convallis nunc. Proin at turpis a pede posuere nonummy. Integer non velit. Donec diam neque, vestibulum eget, vulputate ut, ultrices vel, augue.",Polynesian,0,Aquamarine,Timothy,Mauv,4'3,Austin,Bosnian,42309,Male,88,taustin44@un.org
23,"Morbi vestibulum, velit id pretium iaculis, diam erat fermentum justo, nec condimentum neque sapien placerat ante. Nulla justo. Aliquam quis turpis eget elit sodales scelerisque. Mauris sit amet eros. Suspendisse accumsan tortor quis turpis.",Paraguayan,6,Orange,Ashley,Maroon,3'9,Mason,Thai,22956,Female,53,amason45@bbb.org
32,Ut at dolor quis odio consequat varius. Integer ac leo.,Fijian,8,Aquamarine,Raymond,Aquamarine,9'6,Berry,Quechua,95560,Male,66,rberry46@economist.com
28,"Nam congue, risus semper porta volutpat, quam pede lobortis ligula, sit amet eleifend pede libero quis orci. Nullam molestie nibh in lectus. Pellentesque at nulla. Suspendisse potenti.",American Indian and Alaska Native (AIAN),1,Maroon,Jose,Violet,2'2,Cox,Papiamento,33011,Male,95,jcox47@bbc.co.uk
23,Ut tellus. Nulla ut erat id mauris vulputate elementum.,Pakistani,8,Crimson,Michelle,Red,9'7,Cox,Persian,65799,Female,91,mcox48@linkedin.com
23,Nunc purus. Phasellus in felis. Donec semper sapien a libero. Nam dui.,White,2,Turquoise,Deborah,Green,3'6,Kim,Dzongkha,87056,Female,68,dkim49@cpanel.net
31,"Nam congue, risus semper porta volutpat, quam pede lobortis ligula, sit amet eleifend pede libero quis orci. Nullam molestie nibh in lectus. Pellentesque at nulla. Suspendisse potenti. Cras in purus eu magna vulputate luctus.",Black or African American,1,Orange,Debra,Indigo,8'0,Cook,Kashmiri,58841,Female,55,dcook4a@google.cn
39,"Quisque id justo sit amet sapien dignissim vestibulum. Vestibulum ante ipsum primis in faucibus orci luctus et ultrices posuere cubilia Curae; Nulla dapibus dolor vel est. Donec odio justo, sollicitudin ut, suscipit a, feugiat et, eros. Vestibulum ac est lacinia nisi venenatis tristique. Fusce congue, diam id ornare imperdiet, sapien urna pretium nisl, ut volutpat sapien arcu sed augue.",Potawatomi,4,Orange,Beverly,Pink,7'8,White,Hiri Motu,99223,Female,78,bwhite4b@google.co.jp
27,"Cras in purus eu magna vulputate luctus. Cum sociis natoque penatibus et magnis dis parturient montes, nascetur ridiculus mus.",Pima,9,Khaki,Alice,Mauv,1'2,Fernandez,Romanian,53443,Female,70,afernandez4c@typepad.com
30,Nulla facilisi. Cras non velit nec nisi vulputate nonummy. Maecenas tincidunt lacus at velit. Vivamus vel nulla eget eros elementum pellentesque. Quisque porta volutpat erat.,Delaware,0,Maroon,Philip,Crimson,2'1,Morrison,Hebrew,45061,Male,70,pmorrison4d@google.pl
28,"Cras pellentesque volutpat dui. Maecenas tristique, est et tempus semper, est quam pharetra magna, ac consequat metus sapien ut nunc.",Yaqui,10,Purple,Paula,Indigo,5'4,Ross,Malayalam,66663,Female,52,pross4e@nps.gov
21,"Vivamus vestibulum sagittis sapien. Cum sociis natoque penatibus et magnis dis parturient montes, nascetur ridiculus mus. Etiam vel augue.",Iroquois,4,Goldenrod,Philip,Puce,1'3,Stephens,Kurdish,45169,Male,95,pstephens4f@live.com
28,Nulla nisl. Nunc nisl.,Bolivian,7,Puce,Brenda,Blue,4'8,Jordan,Maltese,52927,Female,56,bjordan4g@nbcnews.com
23,Duis ac nibh.,Honduran,9,Crimson,Steve,Pink,0'8,Mason,Malayalam,14654,Male,73,smason4h@hatena.ne.jp
34,In hac habitasse platea dictumst. Maecenas ut massa quis augue luctus tincidunt. Nulla mollis molestie lorem. Quisque ut erat. Curabitur gravida nisi at nibh.,Cree,7,Indigo,Dorothy,Aquamarine,6'7,Jordan,Icelandic,90448,Female,84,djordan4i@wordpress.com
22,In hac habitasse platea dictumst. Maecenas ut massa quis augue luctus tincidunt. Nulla mollis molestie lorem.,Asian,8,Orange,Diana,Pink,4'5,Peterson,Mongolian,14249,Female,79,dpeterson4j@joomla.org
31,Aenean fermentum. Donec ut mauris eget massa tempor convallis.,Laotian,3,Goldenrod,Craig,Orange,0'9,Walker,Belarusian,46763,Male,67,cwalker4k@mapquest.com
19,"Morbi non lectus. Aliquam sit amet diam in magna bibendum imperdiet. Nullam orci pede, venenatis non, sodales sed, tincidunt eu, felis.",Yaqui,10,Aquamarine,Jeffrey,Puce,3'8,Bailey,Georgian,42574,Male,61,jbailey4l@hibu.com
39,Curabitur convallis. Duis consequat dui nec nisi volutpat eleifend. Donec ut dolor.,Ute,6,Blue,Frances,Puce,0'8,Thompson,Kashmiri,46750,Female,89,fthompson4m@chron.com
35,"Donec diam neque, vestibulum eget, vulputate ut, ultrices vel, augue. Vestibulum ante ipsum primis in faucibus orci luctus et ultrices posuere cubilia Curae; Donec pharetra, magna vestibulum aliquet ultrices, erat tortor sollicitudin mi, sit amet lobortis sapien sapien non mi.",Tongan,7,Goldenrod,Kathryn,Turquoise,3'3,Holmes,Gujarati,75492,Female,70,kholmes4n@boston.com
29,Ut at dolor quis odio consequat varius. Integer ac leo.,Malaysian,3,Aquamarine,Andrew,Khaki,9'2,Sims,Croatian,30574,Male,53,asims4o@alibaba.com
31,"Fusce posuere felis sed lacus. Morbi sem mauris, laoreet ut, rhoncus aliquet, pulvinar sed, nisl. Nunc rhoncus dui vel sem. Sed sagittis.",Ute,10,Purple,Matthew,Pink,1'8,Gardner,Malay,22141,Male,68,mgardner4p@ft.com
32,"Vestibulum quam sapien, varius ut, blandit non, interdum in, ante.",Cambodian,0,Maroon,Barbara,Yellow,8'4,Reyes,Dhivehi,03195,Female,59,breyes4q@tinypic.com
18,"Morbi vestibulum, velit id pretium iaculis, diam erat fermentum justo, nec condimentum neque sapien placerat ante.",Puget Sound Salish,1,Puce,Scott,Green,3'5,Dean,Mongolian,05690,Male,70,sdean4r@phoca.cz
23,"Fusce consequat. Nulla nisl. Nunc nisl. Duis bibendum, felis sed interdum venenatis, turpis enim blandit mi, in porttitor pede justo eu massa.",Cherokee,5,Blue,Angela,Violet,2'6,Bryant,Montenegrin,65235,Female,53,abryant4s@gnu.org
25,In hac habitasse platea dictumst. Maecenas ut massa quis augue luctus tincidunt. Nulla mollis molestie lorem.,Sri Lankan,9,Violet,Benjamin,Yellow,2'7,Gomez,Zulu,79114,Male,57,bgomez4t@yellowpages.com
29,"Vivamus vel nulla eget eros elementum pellentesque. Quisque porta volutpat erat. Quisque erat eros, viverra eget, congue eget, semper rutrum, nulla. Nunc purus. Phasellus in felis.",Panamanian,7,Orange,Peter,Goldenrod,3'3,Taylor,Papiamento,99294,Male,82,ptaylor4u@dropbox.com
23,Suspendisse potenti.,Cambodian,1,Mauv,Donald,Khaki,5'7,Bennett,Gujarati,12148,Male,96,dbennett4v@yellowbook.com
24,Pellentesque eget nunc.,Potawatomi,8,Aquamarine,William,Green,6'0,Robinson,Guaraní,33775,Male,82,wrobinson4w@alibaba.com
20,"Nam dui. Proin leo odio, porttitor id, consequat in, consequat ut, nulla.",Ute,2,Green,James,Crimson,2'7,Crawford,Mongolian,77023,Male,99,jcrawford4x@constantcontact.com
39,"Nunc nisl. Duis bibendum, felis sed interdum venenatis, turpis enim blandit mi, in porttitor pede justo eu massa. Donec dapibus. Duis at velit eu est congue elementum.",Choctaw,6,Green,Christopher,Crimson,8'2,Wells,Pashto,63550,Male,59,cwells4y@patch.com
26,"Pellentesque viverra pede ac diam. Cras pellentesque volutpat dui. Maecenas tristique, est et tempus semper, est quam pharetra magna, ac consequat metus sapien ut nunc. Vestibulum ante ipsum primis in faucibus orci luctus et ultrices posuere cubilia Curae; Mauris viverra diam vitae quam.",Alaska Native,2,Indigo,Carlos,Blue,5'8,Schmidt,Estonian,32000,Male,70,cschmidt4z@dagondesign.com
31,Sed ante. Vivamus tortor. Duis mattis egestas metus. Aenean fermentum. Donec ut mauris eget massa tempor convallis.,Uruguayan,5,Orange,Eric,Red,9'9,Spencer,Ndebele,68277,Male,54,espencer50@jiathis.com
24,"Nunc nisl. Duis bibendum, felis sed interdum venenatis, turpis enim blandit mi, in porttitor pede justo eu massa. Donec dapibus.",Yaqui,7,Green,Juan,Indigo,9'0,Andrews,Ndebele,66818,Male,54,jandrews51@hud.gov
30,Cras non velit nec nisi vulputate nonummy. Maecenas tincidunt lacus at velit.,Alaskan Athabascan,7,Crimson,Julia,Blue,2'0,Palmer,Assamese,27626,Female,67,jpalmer52@t.co
35,"In hac habitasse platea dictumst. Aliquam augue quam, sollicitudin vitae, consectetuer eget, rutrum at, lorem. Integer tincidunt ante vel ipsum.",Indonesian,9,Red,Charles,Violet,5'6,Lawrence,Telugu,39117,Male,66,clawrence53@berkeley.edu
38,Integer a nibh.,Chickasaw,3,Aquamarine,Stephen,Goldenrod,4'0,Cox,Hiri Motu,92338,Male,65,scox54@stumbleupon.com
22,"Donec diam neque, vestibulum eget, vulputate ut, ultrices vel, augue. Vestibulum ante ipsum primis in faucibus orci luctus et ultrices posuere cubilia Curae; Donec pharetra, magna vestibulum aliquet ultrices, erat tortor sollicitudin mi, sit amet lobortis sapien sapien non mi. Integer ac neque. Duis bibendum. Morbi non quam nec dui luctus rutrum.",Salvadoran,0,Puce,Ann,Pink,2'9,Simmons,Portuguese,00432,Female,53,asimmons55@trellian.com
26,Ut at dolor quis odio consequat varius. Integer ac leo.,Samoan,9,Fuscia,Ryan,Goldenrod,1'1,Gonzales,Danish,73324,Male,73,rgonzales56@examiner.com
23,Etiam pretium iaculis justo.,Panamanian,4,Red,Christopher,Red,7'4,Gray,Afrikaans,17234,Male,54,cgray57@arizona.edu
38,Morbi non quam nec dui luctus rutrum. Nulla tellus. In sagittis dui vel nisl. Duis ac nibh.,Sioux,6,Maroon,Jack,Goldenrod,4'4,Harris,Dutch,81489,Male,90,jharris58@columbia.edu
36,"Nullam molestie nibh in lectus. Pellentesque at nulla. Suspendisse potenti. Cras in purus eu magna vulputate luctus. Cum sociis natoque penatibus et magnis dis parturient montes, nascetur ridiculus mus.",Spaniard,3,Goldenrod,Ryan,Green,8'6,Sullivan,New Zealand Sign Language,75437,Male,99,rsullivan59@shareasale.com
27,"Aenean sit amet justo. Morbi ut odio. Cras mi pede, malesuada in, imperdiet et, commodo vulputate, justo. In blandit ultrices enim. Lorem ipsum dolor sit amet, consectetuer adipiscing elit.",Shoshone,9,Maroon,Alice,Turquoise,3'5,Freeman,Tswana,33789,Female,50,afreeman5a@fema.gov
33,In hac habitasse platea dictumst.,Chamorro,3,Blue,Andrea,Fuscia,1'2,Carroll,Thai,21262,Female,77,acarroll5b@jiathis.com
22,"Pellentesque at nulla. Suspendisse potenti. Cras in purus eu magna vulputate luctus. Cum sociis natoque penatibus et magnis dis parturient montes, nascetur ridiculus mus.",Puerto Rican,5,Fuscia,Marie,Aquamarine,8'5,Austin,Hiri Motu,86690,Female,73,maustin5c@nsw.gov.au
40,Nunc rhoncus dui vel sem.,Korean,4,Purple,Maria,Mauv,0'9,Dunn,Kazakh,31618,Female,65,mdunn5d@infoseek.co.jp
29,"Duis ac nibh. Fusce lacus purus, aliquet at, feugiat non, pretium quis, lectus. Suspendisse potenti. In eleifend quam a odio.",Filipino,1,Goldenrod,Alan,Orange,2'8,Gordon,Aymara,56017,Male,57,agordon5e@sciencedaily.com
32,In hac habitasse platea dictumst. Maecenas ut massa quis augue luctus tincidunt. Nulla mollis molestie lorem. Quisque ut erat.,Sioux,4,Teal,Phillip,Puce,3'9,Lynch,Portuguese,55726,Male,54,plynch5f@npr.org
30,Morbi porttitor lorem id ligula. Suspendisse ornare consequat lectus.,Delaware,0,Aquamarine,Ryan,Teal,1'9,Ortiz,Spanish,96648,Male,51,rortiz5g@flickr.com
23,Nunc nisl.,Peruvian,5,Khaki,Rose,Violet,6'0,Lawson,Danish,23076,Female,94,rlawson5h@buzzfeed.com
37,"Proin at turpis a pede posuere nonummy. Integer non velit. Donec diam neque, vestibulum eget, vulputate ut, ultrices vel, augue. Vestibulum ante ipsum primis in faucibus orci luctus et ultrices posuere cubilia Curae; Donec pharetra, magna vestibulum aliquet ultrices, erat tortor sollicitudin mi, sit amet lobortis sapien sapien non mi. Integer ac neque.",Costa Rican,3,Blue,Barbara,Goldenrod,8'9,Snyder,Swahili,28545,Female,67,bsnyder5i@hud.gov
33,"Morbi non quam nec dui luctus rutrum. Nulla tellus. In sagittis dui vel nisl. Duis ac nibh. Fusce lacus purus, aliquet at, feugiat non, pretium quis, lectus.",Chilean,10,Crimson,Jack,Purple,3'9,Pierce,Afrikaans,25120,Male,51,jpierce5j@ebay.co.uk
